{
  "accuracy": 0.5206611570247934,
  "precision": [
    0.3925233644859813,
    0.6222222222222222
  ],
  "recall": [
    0.45161290322580644,
    0.5637583892617449
  ],
  "f1": [
    0.42,
    0.5915492957746479
  ],
  "confusion_matrix": [
    [
      42,
      51
    ],
    [
      65,
      84
    ]
  ]
}